cohort,kfr_aian_female_p1,kfr_asian_female_p1,kfr_black_female_p1,kfr_hisp_female_p1,kfr_pooled_female_p1,kfr_white_female_p1,kfr_aian_male_p1,kfr_asian_male_p1,kfr_black_male_p1,kfr_hisp_male_p1,kfr_pooled_male_p1,kfr_white_male_p1,kfr_aian_pooled_p1,kfr_asian_pooled_p1,kfr_black_pooled_p1,kfr_hisp_pooled_p1,kfr_pooled_pooled_p1,kfr_white_pooled_p1,kfr_aian_female_p25,kfr_asian_female_p25,kfr_black_female_p25,kfr_hisp_female_p25,kfr_pooled_female_p25,kfr_white_female_p25,kfr_aian_male_p25,kfr_asian_male_p25,kfr_black_male_p25,kfr_hisp_male_p25,kfr_pooled_male_p25,kfr_white_male_p25,kfr_aian_pooled_p25,kfr_asian_pooled_p25,kfr_black_pooled_p25,kfr_hisp_pooled_p25,kfr_pooled_pooled_p25,kfr_white_pooled_p25,kfr_aian_female_p50,kfr_asian_female_p50,kfr_black_female_p50,kfr_hisp_female_p50,kfr_pooled_female_p50,kfr_white_female_p50,kfr_aian_male_p50,kfr_asian_male_p50,kfr_black_male_p50,kfr_hisp_male_p50,kfr_pooled_male_p50,kfr_white_male_p50,kfr_aian_pooled_p50,kfr_asian_pooled_p50,kfr_black_pooled_p50,kfr_hisp_pooled_p50,kfr_pooled_pooled_p50,kfr_white_pooled_p50,kfr_aian_female_p75,kfr_asian_female_p75,kfr_black_female_p75,kfr_hisp_female_p75,kfr_pooled_female_p75,kfr_white_female_p75,kfr_aian_male_p75,kfr_asian_male_p75,kfr_black_male_p75,kfr_hisp_male_p75,kfr_pooled_male_p75,kfr_white_male_p75,kfr_aian_pooled_p75,kfr_asian_pooled_p75,kfr_black_pooled_p75,kfr_hisp_pooled_p75,kfr_pooled_pooled_p75,kfr_white_pooled_p75,kfr_aian_female_p100,kfr_asian_female_p100,kfr_black_female_p100,kfr_hisp_female_p100,kfr_pooled_female_p100,kfr_white_female_p100,kfr_aian_male_p100,kfr_asian_male_p100,kfr_black_male_p100,kfr_hisp_male_p100,kfr_pooled_male_p100,kfr_white_male_p100,kfr_aian_pooled_p100,kfr_asian_pooled_p100,kfr_black_pooled_p100,kfr_hisp_pooled_p100,kfr_pooled_pooled_p100,kfr_white_pooled_p100,kir_aian_female_p1,kir_asian_female_p1,kir_black_female_p1,kir_hisp_female_p1,kir_pooled_female_p1,kir_white_female_p1,kir_aian_male_p1,kir_asian_male_p1,kir_black_male_p1,kir_hisp_male_p1,kir_pooled_male_p1,kir_white_male_p1,kir_aian_pooled_p1,kir_asian_pooled_p1,kir_black_pooled_p1,kir_hisp_pooled_p1,kir_pooled_pooled_p1,kir_white_pooled_p1,kir_aian_female_p25,kir_asian_female_p25,kir_black_female_p25,kir_hisp_female_p25,kir_pooled_female_p25,kir_white_female_p25,kir_aian_male_p25,kir_asian_male_p25,kir_black_male_p25,kir_hisp_male_p25,kir_pooled_male_p25,kir_white_male_p25,kir_aian_pooled_p25,kir_asian_pooled_p25,kir_black_pooled_p25,kir_hisp_pooled_p25,kir_pooled_pooled_p25,kir_white_pooled_p25,kir_aian_female_p50,kir_asian_female_p50,kir_black_female_p50,kir_hisp_female_p50,kir_pooled_female_p50,kir_white_female_p50,kir_aian_male_p50,kir_asian_male_p50,kir_black_male_p50,kir_hisp_male_p50,kir_pooled_male_p50,kir_white_male_p50,kir_aian_pooled_p50,kir_asian_pooled_p50,kir_black_pooled_p50,kir_hisp_pooled_p50,kir_pooled_pooled_p50,kir_white_pooled_p50,kir_aian_female_p75,kir_asian_female_p75,kir_black_female_p75,kir_hisp_female_p75,kir_pooled_female_p75,kir_white_female_p75,kir_aian_male_p75,kir_asian_male_p75,kir_black_male_p75,kir_hisp_male_p75,kir_pooled_male_p75,kir_white_male_p75,kir_aian_pooled_p75,kir_asian_pooled_p75,kir_black_pooled_p75,kir_hisp_pooled_p75,kir_pooled_pooled_p75,kir_white_pooled_p75,kir_aian_female_p100,kir_asian_female_p100,kir_black_female_p100,kir_hisp_female_p100,kir_pooled_female_p100,kir_white_female_p100,kir_aian_male_p100,kir_asian_male_p100,kir_black_male_p100,kir_hisp_male_p100,kir_pooled_male_p100,kir_white_male_p100,kir_aian_pooled_p100,kir_asian_pooled_p100,kir_black_pooled_p100,kir_hisp_pooled_p100,kir_pooled_pooled_p100,kir_white_pooled_p100,emp_aian_female_p1,emp_asian_female_p1,emp_black_female_p1,emp_hisp_female_p1,emp_pooled_female_p1,emp_white_female_p1,emp_aian_male_p1,emp_asian_male_p1,emp_black_male_p1,emp_hisp_male_p1,emp_pooled_male_p1,emp_white_male_p1,emp_aian_pooled_p1,emp_asian_pooled_p1,emp_black_pooled_p1,emp_hisp_pooled_p1,emp_pooled_pooled_p1,emp_white_pooled_p1,emp_aian_female_p25,emp_asian_female_p25,emp_black_female_p25,emp_hisp_female_p25,emp_pooled_female_p25,emp_white_female_p25,emp_aian_male_p25,emp_asian_male_p25,emp_black_male_p25,emp_hisp_male_p25,emp_pooled_male_p25,emp_white_male_p25,emp_aian_pooled_p25,emp_asian_pooled_p25,emp_black_pooled_p25,emp_hisp_pooled_p25,emp_pooled_pooled_p25,emp_white_pooled_p25,emp_aian_female_p50,emp_asian_female_p50,emp_black_female_p50,emp_hisp_female_p50,emp_pooled_female_p50,emp_white_female_p50,emp_aian_male_p50,emp_asian_male_p50,emp_black_male_p50,emp_hisp_male_p50,emp_pooled_male_p50,emp_white_male_p50,emp_aian_pooled_p50,emp_asian_pooled_p50,emp_black_pooled_p50,emp_hisp_pooled_p50,emp_pooled_pooled_p50,emp_white_pooled_p50,emp_aian_female_p75,emp_asian_female_p75,emp_black_female_p75,emp_hisp_female_p75,emp_pooled_female_p75,emp_white_female_p75,emp_aian_male_p75,emp_asian_male_p75,emp_black_male_p75,emp_hisp_male_p75,emp_pooled_male_p75,emp_white_male_p75,emp_aian_pooled_p75,emp_asian_pooled_p75,emp_black_pooled_p75,emp_hisp_pooled_p75,emp_pooled_pooled_p75,emp_white_pooled_p75,emp_aian_female_p100,emp_asian_female_p100,emp_black_female_p100,emp_hisp_female_p100,emp_pooled_female_p100,emp_white_female_p100,emp_aian_male_p100,emp_asian_male_p100,emp_black_male_p100,emp_hisp_male_p100,emp_pooled_male_p100,emp_white_male_p100,emp_aian_pooled_p100,emp_asian_pooled_p100,emp_black_pooled_p100,emp_hisp_pooled_p100,emp_pooled_pooled_p100,emp_white_pooled_p100,fpw_aian_female_p1,fpw_asian_female_p1,fpw_black_female_p1,fpw_hisp_female_p1,fpw_pooled_female_p1,fpw_white_female_p1,fpw_aian_male_p1,fpw_asian_male_p1,fpw_black_male_p1,fpw_hisp_male_p1,fpw_pooled_male_p1,fpw_white_male_p1,fpw_aian_pooled_p1,fpw_asian_pooled_p1,fpw_black_pooled_p1,fpw_hisp_pooled_p1,fpw_pooled_pooled_p1,fpw_white_pooled_p1,fpw_aian_female_p25,fpw_asian_female_p25,fpw_black_female_p25,fpw_hisp_female_p25,fpw_pooled_female_p25,fpw_white_female_p25,fpw_aian_male_p25,fpw_asian_male_p25,fpw_black_male_p25,fpw_hisp_male_p25,fpw_pooled_male_p25,fpw_white_male_p25,fpw_aian_pooled_p25,fpw_asian_pooled_p25,fpw_black_pooled_p25,fpw_hisp_pooled_p25,fpw_pooled_pooled_p25,fpw_white_pooled_p25,fpw_aian_female_p50,fpw_asian_female_p50,fpw_black_female_p50,fpw_hisp_female_p50,fpw_pooled_female_p50,fpw_white_female_p50,fpw_aian_male_p50,fpw_asian_male_p50,fpw_black_male_p50,fpw_hisp_male_p50,fpw_pooled_male_p50,fpw_white_male_p50,fpw_aian_pooled_p50,fpw_asian_pooled_p50,fpw_black_pooled_p50,fpw_hisp_pooled_p50,fpw_pooled_pooled_p50,fpw_white_pooled_p50,fpw_aian_female_p75,fpw_asian_female_p75,fpw_black_female_p75,fpw_hisp_female_p75,fpw_pooled_female_p75,fpw_white_female_p75,fpw_aian_male_p75,fpw_asian_male_p75,fpw_black_male_p75,fpw_hisp_male_p75,fpw_pooled_male_p75,fpw_white_male_p75,fpw_aian_pooled_p75,fpw_asian_pooled_p75,fpw_black_pooled_p75,fpw_hisp_pooled_p75,fpw_pooled_pooled_p75,fpw_white_pooled_p75,fpw_aian_female_p100,fpw_asian_female_p100,fpw_black_female_p100,fpw_hisp_female_p100,fpw_pooled_female_p100,fpw_white_female_p100,fpw_aian_male_p100,fpw_asian_male_p100,fpw_black_male_p100,fpw_hisp_male_p100,fpw_pooled_male_p100,fpw_white_male_p100,fpw_aian_pooled_p100,fpw_asian_pooled_p100,fpw_black_pooled_p100,fpw_hisp_pooled_p100,fpw_pooled_pooled_p100,fpw_white_pooled_p100
1978,.3075,.5165,.2928,.3844,.3944913436386952,.4139,.2692,.4425,.2351,.3654,.3602910203618325,.3854,.2871,.4782,.2645,.3748,.3760887210588952,.3993,.3661,.5527,.3587,.4519,.4675067398079079,.5003,.3385,.4802,.3088,.4337,.4335127608681902,.4681,.352,.5155999999999999,.3348,.4427,.4496094644392972,.4839,.4387,.5747,.4154,.5053,.5211058281931478,.5600000000000001,.4135,.516,.3621,.4744,.4857463811555526,.5284,.4256,.5445,.3892,.4898,.502589181881907,.5438,.4823,.6054,.464,.547,.6008559928309177,.6143,.4571,.5434,.4128,.5157,.5598509356866797,.5756,.4698,.5743,.4387,.5314,.5800571322956791,.5945,.5779,.6107,.5492,.5947,.645958466937461,.662,.5454,.5756,.4983,.5597,.6076423794032318,.6253,.5594,.5934,.5235,.5773,.6270605223250258,.6433,.2963,.5051,.3399,.3732,.3734725319107677,.3565,.3091,.497,.2813,.4215,.4065594802446808,.4245,.3035,.501,.3111,.3977,.3900961466824458,.3913,.3473,.5456,.4112,.431,.4330842648411163,.4255,.3824,.5359,.3643,.4919,.4790003670189202,.5049,.3656,.5406,.3887,.4617,.4558373837818834,.4658,.3977,.5678,.4628,.4769,.4765914477377411,.4752,.4523,.5753,.4212,.529,.5290889865897691,.5631,.4258,.5717,.4423,.503,.502636868699731,.5203,.4419,.6041,.5088,.5168,.5381530078554836,.5362,.5066000000000001,.6038,.4713,.5672,.5996864622934576,.6118,.4757,.6038,.4903,.5417999999999999,.5691968708727633,.5749,.547,.6233,.5750999999999999,.5868,.6146583398150192,.6306,.5841,.6291,.5544,.6055,.6462673107216956,.6622,.5673,.6262,.5649,.5962,.6306875167947699,.6467000000000001,.7201,.7731,.7999000000000001,.7423,.7665980097855712,.7402,.696,.7599,.6284999999999999,.7462,.7485220519888661,.7714,.7076,.7663,.7157,.7443,.7571857060494542,.7561,.7631,.83,.8647,.806,.8246817653519968,.8058,.7663,.8123,.7374000000000001,.8215,.8223029981649057,.8416,.7652,.821,.8036,.8138,.8234240792009608,.824,.8051,.8582,.8813,.842,.8531712111398916,.8421999999999999,.8267,.8554,.7916,.8622,.865144540950666,.8854,.8161,.8568,.8372000000000001,.8522,.858899595736817,.8643,.8225,.8874,.8997000000000001,.8638,.8766043966747649,.873,.8485,.8708,.833,.8816000000000001,.9033878523963472,.9089,.8369,.8792,.8667,.8726,.8901206455295123,.8913,.7568,.8435,.8682,.8655,.8786179841276484,.88,.8625,.8214,.8331,.8519,.8797356109196244,.8825,.8233,.8326,.8506,.8588,.8796615357395312,.8813,.4727,.4569,.5246,.4951,.4909803024961044,.468,.4619,.4424,.538,.5017,.488644985150868,.4593,.4663,.4495,.5313,.4985,.4899000064293851,.4636,.6725,.5766,.7433,.6711,.6817399356288963,.6606,.6734,.5714,.7462,.6706,.674625854584571,.6503,.6729000000000001,.5738,.7447,.6709000000000001,.6781992058559493,.6554,.7171,.6764,.7553,.7157,.7374744036328732,.733,.7161999999999999,.6894,.7554999999999999,.7131999999999999,.7366762742728789,.7323,.7165,.6831,.7554,.7144,.7369251022493239,.7326,.7609,.7305,.7738,.7687,.7853373064728769,.7817,.7792,.7448,.7768,.7698,.7870812388765439,.783,.7708,.7376,.7753,.7692,.7860955369811276,.7824,.5893,.6193,.6865,.6243,.6429564703840588,.628,.6334,.6197,.678,.6259,.6474358567110571,.6344,.6104000000000001,.6196,.6824,.6249,.645117896416322,.6312
1979,.2982,.5207000000000001,.2955,.3842,.3924065827090392,.4097,.2753,.4439,.24,.3725,.360888853758515,.3838,.2869,.4799,.2688,.3784,.3754245467774868,.3966,.3573,.5514,.3607,.4538,.4659801453071478,.4969,.3556,.4866,.31,.4364,.4326383584115187,.4661,.3565,.518,.3363,.445,.4483569605846053,.4813,.4407,.581,.4189,.5037,.5200204823659877,.5573,.4089,.517,.366,.4792,.4855554041684833,.5266999999999999,.4242,.5487,.393,.4914,.5019366182688461,.5416,.4845,.5979,.4679,.5488,.5996439632572408,.613,.4719,.5397999999999999,.4146,.5152,.5601007585556327,.5762,.4782,.5683,.4412,.5321,.5794710580601337,.5942,.5474,.6269,.5595,.6049,.6485951985727074,.6639,.5341,.5862000000000001,.5172,.5638,.6126209152646257,.6297,.539,.6067,.5379,.5849,.6309044394159958,.6466,.2942,.515,.3434,.3767,.3729806353440767,.3541,.3239,.5014,.2851,.4277,.405504640221566,.4201,.3093,.5077,.3154,.4022,.3891628967773019,.3875,.3444,.548,.4112,.4347,.4321108482571441,.4233,.4021,.5429,.3638,.4928,.4765567947129284,.5008,.3736,.5453,.3883,.4639,.4540721109677867,.4625,.4078,.5729,.4657,.4757,.4761243768219051,.4738,.4491,.5773,.4223,.5335,.5278739722209728,.5602,.4289,.5750999999999999,.4444,.5046,.5018207674852521,.518,.4391,.6026,.5112,.5174,.5380163491167227,.536,.5125,.6012,.4723,.5672,.5988850171647521,.6111,.4757,.6018,.4917,.542,.568695952579056,.5744,.5472,.6419,.5931999999999999,.5915,.6209721042274173,.6371,.5954,.6392,.5796,.607,.6506088647770987,.6657,.5712,.6405999999999999,.5863,.5992,.635960175382538,.6515,.7040999999999999,.7772,.8095,.7507,.7697099542200913,.7403999999999999,.7224,.7422,.6328,.7554999999999999,.7489499868260007,.7669,.7131999999999999,.7586000000000001,.7245,.7531,.7592301713549203,.7538,.7728,.8308,.8672,.8111,.8263281168146211,.8065,.7905,.8135,.7408,.8196,.8199887555319504,.8362000000000001,.7818000000000001,.8221000000000001,.8063,.8154,.8230773803617604,.8215,.8064,.8638,.8887,.8413,.8533934679280712,.8397,.825,.858,.7974,.8603,.8630748740922294,.8808,.8159,.8609,.844,.8508,.8580520211910103,.8607,.8258,.8824,.9036,.8655,.8777033697668791,.8741,.8574000000000001,.8715000000000001,.8404,.8862,.9025847860970373,.9075,.8417,.8769,.872,.8757,.8901456545242391,.8912,.8772,.858,.8913,.8751,.8830726436505856,.8826000000000001,.8719,.8373,.8748,.8608,.8817499504239737,.8809,.8754999999999999,.8477,.8826000000000001,.8683,.8827261905974741,.8817,.4668,.4662,.5397999999999999,.5147,.5003210710107695,.4719,.5039,.4678,.5406,.5139,.4940034654394917,.465,.4858,.467,.5402,.5144,.4971946003525043,.4684,.6845,.5695,.7358,.6691,.6771631872755521,.6567,.6654,.5691000000000001,.7369,.6684,.6720187171770807,.65,.6754,.5693,.7363,.6688,.6746248363090896,.6533,.7206,.6867,.7501,.7109,.7339538387043111,.7308,.7242,.6840000000000001,.7534999999999999,.716,.7361847221335193,.7323,.722,.6854,.7517,.7134,.734945233570667,.7315,.747,.7359,.7696,.7633,.786377921069614,.784,.7645999999999999,.7403999999999999,.7715,.7655,.7861692901669802,.7834,.7554999999999999,.7382,.7705,.7644,.7861864870985683,.7837,.6169,.6262,.7088,.6292,.6484690943291507,.6319,.5972,.6155,.677,.6143,.6469459630175537,.6346000000000001,.6042,.6207,.6922,.622,.6475410071871793,.6332
1980,.2963,.5283,.2974,.3884,.3925917912468516,.4103,.2845,.4594,.2392,.3782,.360842863444094,.3835,.2905,.492,.2694,.3833,.3757297173080404,.3966,.366,.5575,.3618,.455,.4640867239439503,.495,.358,.4863,.3115,.4387,.431796907609366,.4653,.362,.5208,.3374,.4468,.4471737856170658,.4799,.4358,.5759,.4193,.5042,.5179420867015042,.556,.4107,.519,.3649,.4825,.4847374253392484,.5263,.4237,.547,.3924,.4933,.5005722276623522,.5407,.4973,.6036,.4644,.5493,.5991689028609581,.6124000000000001,.4692,.5433,.4177,.515,.5594629173148595,.5750999999999999,.483,.5734,.4409,.5322,.5789468222795394,.5933,.5817,.6296,.5803,.6007,.6555063514567372,.6711,.553,.6191,.5069,.5621,.6160027232028873,.6333,.5654,.6244,.5431,.5813,.6361391961193399,.652,.2834,.516,.3451,.3814,.3725564191328151,.3525,.3231,.5139,.2841,.4339,.4039866085383841,.418,.3031,.515,.3157,.4075,.3885271026275467,.3859,.3512,.552,.4115,.4357,.4310914174991192,.4219,.4009,.5433,.3633,.4935,.4736845716719541,.4979,.3763,.5475,.3881,.4647,.4523336657964605,.4605,.3958,.5732,.4654,.4774,.4757399605727918,.4739,.4541,.5735,.4195,.5348000000000001,.5249732477743597,.5578,.4249,.5734,.4427,.5062,.5003047499349249,.517,.4462,.6081,.5082,.5194,.5402653548883128,.5385,.5066000000000001,.6036,.4737,.5657,.5965016212196813,.6083,.477,.6059,.4908,.5424,.5686962599444546,.5743,.5324,.6484,.6117,.5946,.6273286728096343,.6435999999999999,.5849,.6687,.5617,.6064000000000001,.6529735471654305,.6692,.5657,.6585,.5864,.6005,.6403832374348385,.6566,.6976,.7914,.8068,.774,.7725046518081583,.7402,.7277,.7861,.6283,.7616000000000001,.7485846882961443,.7695,.712,.7889,.7208,.7678,.7607097877714113,.7552,.7806,.8313,.8656,.8173,.8260418146898039,.8055,.778,.8168,.738,.824,.8171113294253477,.8338,.7793,.8239,.8037,.8207,.8214966195863158,.8199,.8021,.8586,.8836000000000001,.8473000000000001,.8542404585337485,.8424,.8183,.8534,.7917999999999999,.8624000000000001,.8601970967228165,.8789,.8100000000000001,.8561,.8383,.8549,.8569019579654302,.8611,.8216,.8844,.9043,.8729,.8803181825631266,.8764999999999999,.8436,.8736,.8376,.884,.9004544131028204,.9049,.8332000000000001,.879,.8707,.8784,.8904351133927725,.8911,.7148,.8565,.9177999999999999,.8754999999999999,.8856248538957381,.8839,.8055,.8335,.8436,.862,.8776243844551375,.8784999999999999,.7685999999999999,.8452,.8794,.8688,.8819202911619299,.8812,.4889,.4791,.5397,.5274,.5224753959830621,.48,.4592,.458,.5508999999999999,.5367,.5222234193647153,.4777,.4741,.4678,.5451,.532,.5223896180459591,.4788,.6688,.5715,.7292,.6677,.6781799574966177,.653,.6556,.577,.7302,.6714,.6767964110783558,.6509,.6622,.5742,.7297,.6696,.6776009611308205,.652,.7013,.6687,.7443,.7138,.7337793160811925,.7298,.7143,.6808,.7501,.7153,.7364065861676139,.7314000000000001,.7078,.675,.7471,.7146,.7350766820666339,.7306,.7489,.74,.7611,.7649,.7843899198769807,.7822,.7561,.7322,.7641,.7653,.7859135196219434,.7835,.7523,.7361,.7627,.7651,.7850789234493589,.7829,.6829,.6204,.7084,.6284999999999999,.6541218203936572,.6323,.5965,.6311,.672,.6247,.6492980507890542,.63,.6296,.6257,.6895,.6266,.6515993407125391,.6312
1981,.2737,.5189,.3023,.3871,.3821202643021655,.3991,.2691,.4496,.2395,.3663,.3458778108204481,.3697,.2712,.4825,.2715,.3766,.3632416787306144,.384,.3765,.5542,.3693,.4625,.4593371014462552,.4868,.3536,.4911,.3152,.4407,.4264720069900776,.4594,.3649,.5224,.3428,.4515,.4422729641893233,.4728,.453,.5714,.4267,.5129,.5168374097298752,.5518,.4298,.518,.3715,.4843,.4815792224646407,.5214,.441,.544,.3994,.4986,.4985015694000089,.5362,.5109,.6079,.4778,.5532,.601202385865479,.6137,.4779,.551,.4262,.5213,.5619440923525244,.5767,.494,.5792,.4519,.5374,.5812278176524602,.5948,.6268,.6288,.5533,.6156,.6497404046234371,.6625,.5743,.5954,.5095,.5618,.6084481935444328,.6224,.5993000000000001,.6119,.5296999999999999,.5891,.6291203647908592,.6422,.2721,.5128,.3426,.3819,.3677523598451097,.3498,.3138,.5024,.2755,.4206,.386446206864855,.4022,.2935,.5073,.3097,.4013,.3772652372204059,.3767,.3641,.5503,.4149,.4409,.4292782697036638,.4178,.3914,.545,.3615,.4928,.4661953644752844,.4902,.3778,.5477,.3888,.4671,.4477357795543945,.4547,.413,.5704,.4696,.4842,.4772181191683328,.4732,.4675,.5735,.4226,.5331,.520393997718412,.5518,.4411,.572,.4464,.5087,.4987714438562143,.5135,.4694,.6118,.5196,.5259,.5445395510739368,.543,.5118,.6082,.4792,.5689,.5967738499646748,.608,.4906,.61,.4993,.5471,.5710127168484471,.5763,.5818,.641,.5967,.6021,.6242027740859168,.6368,.6192,.6393,.5636,.6042,.6434243175714928,.656,.6014,.6401,.579,.6032,.6341660784081287,.6465,.6807,.7756999999999999,.7655,.7544999999999999,.7433612968627785,.7131,.664,.767,.5765,.7439,.7090871146917105,.7285,.6725,.7711,.6727,.7491,.7258686484941951,.721,.7688,.8242,.8508,.8103,.8120299243529349,.7897,.7547,.8118,.7173,.8144,.8017421407621624,.8212,.7619,.8179,.7855,.8123,.8067282174252417,.8058,.7887999999999999,.857,.8751,.8429,.8456608714930103,.8323,.8212,.8497,.7813,.856,.8507303902190778,.8715000000000001,.8057,.8532999999999999,.8287,.8494,.848024906943304,.8524,.844,.885,.8987000000000001,.8657,.877074329958364,.8737,.8376,.8697,.832,.88,.8959492458495251,.9012,.8406,.8773,.8652,.8728,.886630352287743,.8878,.7708,.8478,.8789,.8655,.8777605527482489,.878,.8836000000000001,.8217,.8334,.8556,.8712046823854598,.8732,.8267,.8347,.8544,.8606,.8747019000776567,.8756,.4509,.4422,.4555,.4749,.4497483372114585,.4111,.4018,.4377,.4703,.4775,.4499206471988056,.4067,.4261,.4399,.4628,.4762,.4499035034299254,.4088,.6625,.5655,.7235,.6591,.6613745175676229,.6323,.6401,.5715,.7232,.6614,.6571324088173072,.6247,.651,.5684,.7234,.6603,.659369272919292,.6284,.726,.6737,.75,.7158,.7313122209438985,.7247,.7275,.6753,.7523,.7196,.7332025614812364,.7254,.7266,.6745,.7511,.7177,.7322638725872996,.725,.7631,.7302999999999999,.7619,.7683,.785554210458739,.7836,.7625999999999999,.7403,.7695,.7682,.788177931826211,.786,.7623,.7352,.7657,.7683,.7868085883854787,.7848000000000001,.6375999999999999,.618,.6773,.6307,.6446682910132108,.6277,.6052,.6163,.6935,.6199,.6446387688485161,.6283,.622,.6171,.6857,.6253,.6446532415619125,.628
1982,.2906,.5014999999999999,.3161,.3895,.3900200293466278,.4082,.2584,.4342,.2449,.3622,.3457283678273617,.3698,.274,.4656,.2807,.3759,.3669345268360211,.3888,.3819,.5486,.3789,.4644,.4624727951179322,.4882,.3474,.4816,.3192,.4341,.4206887787134861,.45,.3645,.5139,.3496,.449,.4408631668742497,.4688,.4353,.576,.4379,.5125,.5198914162714952,.5527,.4143,.5181,.3774,.4781,.4787362981956013,.5158,.4245,.5463,.4077,.4952,.4985824160749563,.5338000000000001,.5091,.6047,.4883,.5567,.6051624796858067,.617,.4775,.5441,.4276,.5164,.5592781729132674,.5738,.4927,.5736,.4574,.5366,.5816951966596943,.5948,.5641,.5911,.5679999999999999,.594,.6445366111076702,.6573,.5581,.5741000000000001,.4987,.5526,.6001271912170798,.6142,.5611,.5824,.5312,.5729,.6221306509516362,.6353,.2881,.5047,.3533,.3849,.3759176469292115,.3613,.2945,.4844,.2721,.4078,.3795656184771231,.3971,.2911,.4939,.313,.3964,.377553310927317,.3795,.3699,.5451,.421,.4468,.4363463930562742,.4275,.3847,.5288,.3581,.4801,.4549040828602578,.4763,.3774,.5367,.3902,.4636,.4456072370925673,.4524,.407,.5718,.4799,.491,.4857847365493912,.4833,.4443,.5691000000000001,.4209,.5236,.5125567483481568,.5417999999999999,.4261,.5703,.4505,.5074,.4990914159879976,.5133,.4633,.606,.5265,.5301,.5534196920706931,.5528999999999999,.513,.5944,.4738,.5585,.5897078979629946,.601,.4891,.6,.4997,.5442,.5717550900471602,.5776,.5321,.6103,.5947,.584,.6225191748111577,.6351,.594,.6206,.547,.5961,.6335428185487501,.6462,.5685,.6155,.5694,.59,.6281840112081019,.6408,.6129,.7624,.7108,.6979,.698498229037257,.6745,.6054,.7228,.5158,.6922,.6608338179959726,.6867,.6094000000000001,.7415,.614,.6951000000000001,.67911870428296,.6807,.7323,.7983,.801,.7783,.7785901391044441,.7625,.7125,.7752,.6615,.778,.7596984811459068,.7819,.7225,.7864,.7326,.7782,.7690847319812939,.7724,.7471,.838,.8403,.8155,.8203280634888572,.8124,.7675,.8232,.7357,.8228,.8177105974473787,.8428,.758,.8304,.7881,.8192,.818870655101807,.828,.7879,.8575,.8734,.8444,.8612320710319603,.8597,.8274,.8433,.7914,.8522999999999999,.8736401703899449,.8804,.8081,.8502,.8317,.8483000000000001,.8674365220548511,.8703,.8026,.7954,.8753,.8278,.8628316249660609,.8658,.8192,.7941,.8001,.8327,.8484396424373938,.8516,.8085,.7947,.8357,.8303,.8556749246978312,.8585,.3472,.3973,.3474,.3836,.3679156038957675,.3419,.3471,.3755,.3475,.3923,.3686327102421621,.3431,.3472,.3858,.3475,.388,.3683406065064283,.3425,.6499,.5394,.7112000000000001,.6464,.6403936128834473,.6061,.6449,.5475,.7089,.6455,.6367219577803661,.6024,.6476,.5435,.7101,.646,.6386983737926822,.6042,.7081,.6625,.7482,.7063,.7207742055366652,.7106,.709,.669,.7472,.7115,.7231364284972285,.7133,.7087,.6657,.7477,.7089,.7219680130141335,.712,.7629,.728,.766,.7586000000000001,.7780839966481561,.7754,.7371,.7313,.7668,.7641,.7804845531821614,.7775,.749,.7297,.7664,.7613,.7792120058752438,.7765,.5945,.6103,.6654,.6113,.627925985686869,.6141,.5958,.6171,.6692,.6039,.6291286521517444,.6162,.5981,.6137,.6673,.6075,.6285358923960811,.6152
1983,.2873,.4981,.3237,.392,.3911724236442741,.4051,.2466,.4409,.2643,.3612,.3509630047077908,.371,.2665,.4686,.2941,.3764,.3702935280090633,.3878,.3678,.5394,.379,.4612,.4603892652252737,.4841,.3431,.4775,.3244,.4351,.4241814345337894,.4525,.3552,.5074,.3522,.448,.4416064111937701,.468,.4321,.569,.4335,.5078,.5183800675464857,.5515,.4043,.5078,.3807,.4781,.4819067735555286,.5188,.4176,.5377,.407,.4928,.4993006234876526,.5347,.5142,.5943000000000001,.4853,.5512,.6018984062981637,.6141,.4644,.5415,.4309,.5132,.5589434662213217,.5734,.4882,.5678,.4578,.5321,.5799334717019338,.5931999999999999,.5924,.6005,.5689,.5976,.641970938751862,.6536999999999999,.5964,.5686,.4915,.5483,.5969163164045465,.611,.5933,.5849,.5283,.5732,.6193741447672586,.632,.2947,.4957,.3525,.3857,.3753162493363069,.3593,.2844,.4878,.2814,.4048,.3816653216654746,.3972,.2894,.4916,.317,.3953,.3784371190553034,.3786,.361,.5389,.4183,.4431,.4337694064993559,.4246,.38,.5266999999999999,.3571,.48,.4572890145439965,.4795,.3707,.5326,.3883,.4618,.4454964233489922,.4525,.4095,.5632,.4735,.483,.4835911313145451,.4847,.4375,.5564,.4206,.5209,.5149848445963094,.5461,.424,.5597,.447,.5021,.4992398572723669,.5163,.4805,.5982,.5237000000000001,.523,.551910925480069,.5523,.5036,.5911999999999999,.4765,.5543,.5903873171895492,.6021,.4921,.5947,.4999,.5387999999999999,.5714463221625996,.5779,.6129,.6141,.6002999999999999,.5895,.6199387154285055,.6316000000000001,.6318,.6089,.5415,.5809,.62917204061454,.6427,.6211,.6116,.5695,.5854,.6248327550238922,.6372,.6214,.7598,.6954,.6932,.6891017627091173,.6627999999999999,.5753,.7291,.5263,.6824,.6545754614466217,.6732,.5979,.7439,.6109,.6877,.671515882457792,.6681,.6933,.7818000000000001,.787,.764,.7653863818137671,.749,.695,.7623,.6539,.7719,.7536296220018948,.7748,.6939,.7718,.7217,.768,.7594112367252183,.7621,.74,.822,.8275,.7995,.8101165571960286,.805,.7417,.8018,.7272999999999999,.8138,.8113941008215205,.8369,.7409,.8117,.7774,.8067,.8104907960316315,.8214,.8046,.8464,.859,.8310999999999999,.8539389844628668,.8537,.806,.8312,.7887,.8416,.8681144924251464,.8754,.8051,.8389,.8235,.8364,.8611340747190449,.8649,.7385,.8017,.8651,.8296,.8548245193781081,.8569,.8063,.7671,.7836,.7998,.8353951956921042,.8405,.7705,.7847,.8223,.8148,.8452091821273432,.8485,.3349,.3554,.3316,.3525,.3444754570647556,.3254,.3299,.3677,.3388,.3654,.3468306146218893,.3249,.3325,.3616,.3352,.3591,.3457805469719972,.3251,.6506,.5235,.7047,.6337,.6315050253209488,.5983000000000001,.645,.5255,.7032,.6349,.6305666089523949,.599,.6476,.5245,.704,.6343,.6312865543146462,.5987,.7016,.6493,.7481,.6958,.7169063744632926,.7072000000000001,.7128,.6508,.7456,.7039,.7173988044429185,.7062,.7074,.6502,.7468,.6999,.7171910616948376,.7067,.752,.7148,.7598,.7566000000000001,.7730614420793954,.7706,.7447,.7155,.7632,.7565,.7748600493061342,.7723,.7493,.7151999999999999,.7615,.7565,.7739715553305665,.7715,.5597,.5901,.6595,.6147,.6173244257925458,.604,.6251,.6044,.6569,.6143999999999999,.6170063432518652,.6035,.593,.5971,.6584,.6146,.6171719111054936,.6037
1984,.2885,.5054999999999999,.3251,.3802,.3856349195375343,.3996,.26,.4394,.2712,.3671,.350879704519347,.3687,.2736,.4716,.2984,.3737,.3677262826939607,.3838,.3668,.5393,.3794,.4554,.4563289799285123,.4797,.3365,.4682,.3299,.4363,.4227018571626019,.4498,.3515,.503,.3549,.4458,.4389358263428082,.4644,.4382,.5629999999999999,.4319,.5032,.5155662394185232,.5496,.4124,.5072,.3821,.4817,.4829526150719723,.52,.4249,.5343,.407,.4924,.4985508178929589,.5344,.5074,.5877,.4821,.546,.6001500960614783,.6132,.4787,.5328000000000001,.4336,.5135999999999999,.5604902733240799,.576,.4927,.5596,.4576,.5298,.5798603518933172,.5941,.6212,.5927,.5571,.5942,.6425208541291633,.6558,.5217000000000001,.5737,.5125,.5647,.6045530468508501,.6177,.5661,.5833,.5332,.5790999999999999,.6234654554010484,.6365,.2824,.4962,.354,.3755,.3694538359708497,.3531,.2947,.4799,.2904,.4087,.3825309157723871,.3974,.2894,.4879,.3224,.392,.3763173517313804,.3758,.3531,.5358000000000001,.416,.4369,.4293365003059951,.4208,.3714,.5151,.3637,.4815,.4571945753576109,.4792,.3624,.5252,.3901,.4594,.4433960074816314,.4506,.411,.5579,.4678,.4782,.4782296411582196,.4795,.4513,.5570000000000001,.4229,.5261,.5170433247454587,.5483,.4312,.5574,.4453,.5023,.4976356100000014,.5148,.4589,.5887,.5172,.5198,.5496211988787579,.551,.5155,.5837,.4794,.5562,.5922941315535287,.605,.4886,.5861,.4981,.5379,.5712407396596276,.5787,.5662,.6106,.5883,.5903,.6206156555214719,.6336000000000001,.569,.621,.5537,.5962,.6356866873143819,.6484,.5698,.616,.5699,.5934,.628466796601872,.6411,.5926,.7641,.6889999999999999,.6764,.6792989967293278,.6533,.5779,.7209,.5308,.6885,.6571646872635571,.6747,.5854,.7419,.6106,.6824,.6680550234850042,.6643,.6919,.7832,.789,.7589,.7606229966207534,.7415,.6752,.7557,.6679,.7736,.7576340741828492,.778,.6834,.7691,.7292,.7663,.7590219171899628,.7602,.7399,.821,.8235,.7987,.8059742954253922,.7998,.7504,.8082,.7377,.8189,.8156841516493788,.8403,.7455000000000001,.8143,.7805,.8089,.810610179279993,.8206,.7703,.845,.8622,.8366,.8529755484165604,.8522,.8058999999999999,.8259,.7943,.85,.8702143340074272,.8778,.7896,.8353,.828,.8433,.8617462016492362,.8653,.837,.7947,.8657,.8346,.8544391617030374,.8561,.7748,.782,.8137,.7995,.8385156800026925,.8424,.8018,.7883,.8374,.8166,.8466737187274073,.8492,.3088,.3698,.2972,.3353,.3192282189826059,.2979,.2815,.3727,.2953,.3365,.3180204548408758,.2948,.2942,.3713,.2963,.336,.3185916443821992,.2963,.6217,.5194,.6957,.6248,.6214471560218905,.5873,.6278,.5188,.6942,.6326000000000001,.6195804574666587,.5828,.6246,.5191,.695,.6288,.6206219445300324,.585,.7004,.6405999999999999,.7377,.6982,.7104657534069743,.6996,.7069,.6499,.7392,.7035,.7137668351459701,.7024,.7036,.6453,.7383999999999999,.7009,.7120813972605595,.701,.7326,.7102000000000001,.758,.7513,.7695735878175144,.7675999999999999,.7386,.716,.7579,.7556,.7704169388186292,.7685,.7348,.7131,.7579,.7534999999999999,.7699623878968982,.7681,.5693,.609,.6299,.6058,.6098235929591002,.5977,.5538,.6041,.6533,.6006,.612622977612736,.6001,.5653,.6066,.6441,.6032,.6113758568384856,.5989
1985,.2943,.4808,.3235,.3765,.3792876408143703,.3941,.2596,.4333,.256,.3578,.3436020327927186,.3684,.2769,.4566,.2897,.3671,.3609094677542785,.3809,.3751,.5336,.3751,.4568,.451489580262511,.4755,.3536,.4744,.3236,.4415,.4219099354981833,.4514,.3644,.5029,.3496,.4491,.436250301563504,.4632,.4475,.5627,.4275,.5022,.5110136167078622,.5469000000000001,.4185,.506,.38,.4839,.4824865082740291,.5222,.4327,.5334,.4036,.4929,.496083127704445,.5342,.5263,.5848,.4768,.5474,.5989275455690336,.6133,.4858,.5306,.4406,.5184,.5631997938823977,.5789,.5048,.5572,.4587,.5328000000000001,.5806095321984843,.5957,.6327,.6242,.5572,.6017,.6484608955485687,.6622,.5878,.5782,.5161,.5516,.6113347219367288,.6266,.6094000000000001,.6009,.5359,.5765,.629783733034029,.6442,.2834,.4715,.3519,.3665,.3636393471746817,.3484,.2903,.4764,.2862,.4032,.3780974765777708,.3958,.2868,.4743,.319,.385,.3711451999993374,.3727,.3535,.5263,.4116,.4357,.4237383519337407,.4146,.3889,.5192,.3635,.4871,.4576554118389839,.4802,.3716,.5225,.3878,.4617,.4409422325979865,.4482,.409,.5579,.4634,.4742,.4727699726133749,.475,.4561,.5534,.4241,.5278,.5169880326644666,.5501,.4335,.5556,.4436,.5013,.4950097968257628,.5135999999999999,.4834,.5876,.5105,.5217000000000001,.5470463084940687,.5493,.5197000000000001,.5797,.4882,.5608,.59491670434237,.6078,.501,.5835,.4993,.5413,.5712659883443674,.5793,.5984,.6371,.5906,.594,.6278701297290876,.6435999999999999,.6226,.6163999999999999,.5645,.5898,.6437409958132083,.6587,.6107,.6266,.5772,.5917,.6361655102960384,.6512,.5866,.7483,.7059,.6704,.6839329188813669,.6569,.5788,.7289,.5522,.6893,.6648729580401399,.6835,.5827,.7388,.6289,.6798999999999999,.6741121571574284,.6705,.6931,.7876,.8003,.7685,.7670190961254988,.7452,.7029,.7697000000000001,.6851,.7866,.7661177704213088,.7838000000000001,.698,.7782,.7433,.7776999999999999,.7665264013707431,.7649,.7437,.8225,.8366,.8028,.8104797562351251,.8025,.7694,.8105,.7547,.8295,.8234162638265071,.8463000000000001,.7576000000000001,.8162,.7954,.8163,.8168172829715891,.825,.7985,.8485,.8636,.8379,.8557379437595304,.8556,.8097,.8312,.8169,.8596,.8765347370511293,.8828,.8042,.8397,.8401999999999999,.8488,.8661884256003624,.8696,.763,.8260999999999999,.8735000000000001,.8394,.8588220232063432,.8601,.8022,.7657,.8135,.8113,.8416588256994437,.8458,.7837,.7957,.8424,.8253,.8505314827809362,.8529,.2507,.4009,.2879,.3198,.3035863044853735,.2755,.2769,.399,.2873,.3339,.3062048638926883,.2773,.2638,.4,.2875,.3268,.305008516201946,.2764,.6106,.5225,.6914,.6286,.6176115980557324,.5768,.6208,.5197000000000001,.6923,.6296,.6164306067948737,.5768,.6153999999999999,.521,.6918,.6291,.6171015892053971,.5767,.6943,.644,.7387,.7023,.7115157576909764,.6974,.6956,.6483,.7419,.7067,.7136894792340112,.6993,.6946,.6463,.7403,.7045,.7126573735669928,.6984,.7528,.7145,.7581,.7511,.7695562462716253,.7675999999999999,.736,.7173,.7606000000000001,.7551,.7708798505150962,.7685999999999999,.7441,.716,.7594,.7531,.7701011069618571,.7681,.5367,.6142,.6496,.6114000000000001,.6127171836191683,.5987,.5571,.6078,.6742,.6282,.6168245426975332,.6008,.5467,.611,.6623,.62,.6147813279837979,.5997
1986,.2813,.4697,.3227,.3675,.3738618204982381,.3886,.2631,.4443,.2605,.3561,.3460485685010542,.3695,.2722,.4563,.2918,.3617,.3595185780510244,.3787,.3706,.5233,.3738,.4541,.4487075736289784,.4728,.3382,.4789,.324,.4432,.4227740808491787,.4519,.3539,.5004,.3491,.4486,.4353772588719276,.4621,.4422,.5567,.426,.4984,.5093321525935477,.5467,.4344,.504,.3817,.4843,.4829944994351573,.5232,.4382,.5295,.4037,.4912,.4956250659365861,.5346,.5196,.5853,.4761,.5444,.5984772109962205,.6139,.4942,.5322,.4366,.5187,.5639300497209454,.5813,.5071,.5584,.4561,.5316,.5808605195816424,.5972,.6155,.6186,.5624,.6185,.6556993414076241,.6705,.5729,.5924,.4957,.5605,.6174547749165974,.6363,.5921999999999999,.6055,.5276999999999999,.5893,.6365161288569896,.6532,.2775,.4604,.3532,.3608,.3592877423062549,.3427,.2892,.4827,.2937,.3992,.3804050893186793,.3969,.284,.4721,.3236,.3801,.3703365665734556,.3707,.3529,.5181,.4099,.4299,.4200310155721062,.4112,.3725,.525,.3653,.4878,.4584924523813429,.4805,.363,.5217000000000001,.3878,.4592,.4395456131872846,.4466,.3982,.5533,.4606,.4702,.4704735384315216,.4743,.4686,.5518,.427,.529,.517529022854701,.5504,.4344,.5525,.4437,.4999,.4942394828211856,.5134,.4726,.5908,.5093,.5159,.5471386841915287,.5503,.5261,.5793,.4848,.5607,.5954218203262317,.6098,.4998,.585,.4968,.5383,.5716906131759876,.5808,.6059,.6364,.5713,.6107,.6350712328362644,.6543,.6012,.6342,.5422,.5984,.6484893562383625,.6667,.6032999999999999,.6353,.5562,.6047,.6423151267248931,.6606,.5915,.7492,.7327,.6766,.6910243500111577,.6552,.5785,.7341,.5916,.6964,.6789824796471543,.6898,.5847,.7413999999999999,.6625,.6866,.6848120258946057,.673,.7084,.7937,.8172,.7699,.7730483657752208,.7476,.6850000000000001,.7853,.7032,.7962,.7746965678473573,.7877,.6962,.7895,.7607,.7832,.7738598772468945,.7681,.7403,.8263,.8473000000000001,.8082,.8159239880963628,.806,.7905,.8174,.7724,.8362000000000001,.8311290810656411,.8505,.7659,.8218,.8096,.8223,.8234570566434612,.8288,.7892,.8572,.8736,.8396,.8591922574020739,.8588,.8087,.8315,.8241000000000001,.8653999999999999,.8798111746477142,.8864,.7995,.8443000000000001,.8484,.8525,.8697024055937477,.8729,.7921,.8292,.8401999999999999,.8423,.8594995216403681,.8633,.7842,.7962,.7803,.8174,.8452543802935066,.851,.7856,.8128,.8091,.8297,.8528022742564095,.8571,.2523,.4053,.2907,.3178,.2996989410463554,.2718,.2665,.4244,.2971,.319,.3001253660330204,.2687,.2596,.4154,.2939,.3184,.3000410650268638,.2702,.6288,.5192,.6906,.6244,.6131772554163858,.5707,.6133999999999999,.5165999999999999,.6916,.6273,.6108587040014438,.5674,.6208,.5177,.6911,.6259,.6121480897270677,.569,.6961000000000001,.6441,.7409,.7091,.7103013717685297,.6915,.6973,.6471,.7402,.7092000000000001,.7110221554410311,.6936,.6965,.6457000000000001,.7406,.7091,.7106774481693687,.6926,.7324000000000001,.7115,.7536,.7506,.7666389664770857,.765,.7268,.7191,.7561,.7599,.7684976974191349,.7659,.7297,.7153,.7549,.7553,.7675136001346001,.7654,.4907,.6196,.6352,.6089,.6103756746393312,.5982,.555,.616,.6526,.6242,.6118647674661403,.5971,.5231,.6178,.6442,.6166,.6111275370487584,.5976
1987,.2726,.4741,.3208,.3661,.3715542529843951,.3849,.2643,.4315,.2627,.3563,.3447234152601489,.3662,.2686,.4521,.2915,.3612,.3577847820299258,.3754,.354,.526,.3712,.4511,.4465094342804824,.4708,.3492,.4808,.3278,.4447,.4246971465507842,.4529,.3517,.5026,.3496,.4479,.4352883376518503,.4617,.4382,.5528999999999999,.4212,.4988,.5062809990645541,.5435,.4242,.5098,.3817,.487,.484203583472365,.5244,.4309,.5309,.4013,.4928,.4947594878115142,.5337,.5026,.5927,.4747,.5417999999999999,.5965342527209351,.6125,.4834,.5357,.4386,.5174,.5658094059734746,.584,.4926,.5636,.4564,.5296,.5808438528934715,.5979,.6341,.6367,.57,.6278,.6615864251295157,.6766,.5633,.6068,.5111,.5737,.6241799253520383,.6425,.5971,.6213,.5407,.601,.642941191911768,.6593,.268,.4611,.3523,.3599,.3584581988386372,.341,.2974,.4684,.3002,.4017,.3811866013836674,.3949,.2829,.465,.326,.3808,.370123408852397,.3684,.337,.5229,.4075,.4272,.4176606726954404,.4084,.3827,.5246,.3722,.4886,.4607803685186053,.4813,.3607,.5238,.3899,.4583,.4396605461323463,.4458,.4014,.5495,.4559,.467,.4659086793610704,.4694,.4586,.5555,.4289,.5312,.5190319731064655,.5516,.4304,.5526,.4423,.4995,.4927271049429744,.5115,.4572,.5957,.5085,.514,.5452899372918041,.5487,.5196,.5834,.4866,.5590000000000001,.596754592284815,.6118,.4896,.5895,.4974,.5365,.571370433505765,.581,.6343,.6542,.599,.6218,.6432085629689384,.6629,.5943000000000001,.6415,.5531,.6097,.6545889001595264,.673,.612,.6478,.5760999999999999,.6159,.6495159474638385,.668,.5911,.7448,.7621,.6973,.7083567793779693,.6665,.6119,.7388,.6216,.7163,.6964044938911869,.7018,.6019,.7419,.6913,.7068,.7019969753768918,.6845,.6953,.8070000000000001,.8393,.7849,.7869687874455877,.7578,.7232,.7927,.7305,.8048999999999999,.787814063984548,.7968,.7098,.7997,.7852,.795,.7873949275390737,.7778,.7528,.8345,.8599,.8179,.8228703188682107,.8088,.7717000000000001,.8316,.7896,.8479,.8404579784045029,.8559,.7625,.833,.8245,.8331,.8316004729786201,.833,.7949000000000001,.8635,.8893,.8494,.8637245915140532,.8623,.8205,.8431,.8401,.8699,.8861346034288093,.8923,.8079,.8531,.8643999999999999,.8597,.8751226316006343,.8777,.8168,.8328,.8483000000000001,.85,.8611681602348014,.8638,.7599,.7857,.8038,.8227,.8471482030815997,.8512999999999999,.7858000000000001,.8087,.8265,.8364,.8546664617530857,.8575,.2462,.4252,.3068,.3197,.2995460110474453,.2645,.2654,.4244,.3096,.3283,.3020691482111428,.267,.2563,.425,.3082,.324,.301230286141557,.2658,.6231,.5241,.6964,.6238,.6134868491093378,.5677,.6065,.5175,.6953,.6287,.6131976656854055,.5689,.6149,.5207000000000001,.6958,.6262,.6134214981007673,.5683,.6869,.6415999999999999,.7407,.7106,.7096087667467137,.6887,.7020999999999999,.6342,.7433999999999999,.7126,.7109386110567697,.6906,.6947,.6378,.7421,.7116,.7102677201700262,.6897,.7205,.7093,.7558,.7536,.7651560229034567,.7633,.7347,.7138,.7598,.7591,.7672785260407818,.7645999999999999,.7278,.7116,.7579,.7564,.766164134730282,.764,.5802,.6191,.6679,.6044,.6084940991482097,.5933,.5689,.6292,.6501,.6084000000000001,.6073714837863542,.5927,.5733,.6242,.6598000000000001,.6062,.6079150062059856,.593
1988,.2609,.4802,.3271,.3688,.3789931238785157,.3957,.2649,.4384,.2668,.356,.3498474229064272,.3723,.2628,.4587,.2968,.3623,.3637702421222129,.3836,.3565,.5272,.3748,.4504,.4450626129230406,.4677,.348,.4848,.3279,.4416,.4234449314571692,.4518,.3524,.5051,.3515,.4459,.4338287607980703,.4596,.4256,.5612,.4239,.4953,.5041144193944406,.5406,.4166,.5154,.3818,.4839,.4819432770104929,.523,.4211,.5376,.4026,.4895,.4924659701773564,.5316,.5118,.594,.4774,.5429,.5965706415846443,.6125,.4754,.5457,.4383,.5227000000000001,.5667896359111197,.5855,.4936,.5692,.4575,.5328000000000001,.5813491764701759,.5986,.6369,.6358,.5766,.6173999999999999,.6619633279334551,.6784,.59,.621,.5401,.5828,.6303060260837455,.6483,.6129,.6281,.5571,.6006,.6462655435014054,.6632,.2669,.4701,.3607,.3623,.3644314439550466,.3485,.2961,.4731,.305,.4008,.3861575302490691,.4004,.2819,.4718,.3327,.3818,.3757362431854528,.3754,.3441,.5262,.4116,.427,.4177984172047531,.4068,.3777,.5266,.3724,.4846,.4582343069558275,.4778,.3612,.5265,.3922,.4562,.4382892330629238,.4431,.3954,.5582,.4603,.4663,.4657070740276277,.467,.4485,.5595,.4287,.5269,.5155833193055237,.5484,.4227,.5589,.4443,.497,.4907952134287267,.5088,.4771,.5969,.5105,.5157,.5453063943331602,.5479000000000001,.509,.5911,.4857,.5621,.596273231435328,.6116,.4936,.5939,.4979,.5391,.5712238740120471,.5806,.5991,.6543,.6001,.6029,.641978853678945,.6637999999999999,.6056,.656,.5784,.6187,.6587333390548682,.6767,.6027,.6552,.5887,.6107,.6507230973700652,.6703,.6209,.7614,.8024,.726,.7363719918655831,.6934,.6278,.7408,.6617,.7316,.7182025610117458,.7203000000000001,.6241,.7504999999999999,.7316,.7288,.7270686941371691,.7073,.7175,.8045,.8586,.7954,.7971497101080165,.764,.7275,.7956,.7523,.8102,.7963346870240096,.802,.7227,.7998,.8058,.8028999999999999,.7966112701892846,.7834,.7552,.8451,.8772,.8293,.8326075072329733,.8138,.7847,.8359,.8003,.848,.8440936916409797,.8588,.7704,.8403,.8383,.8388,.8381018321767736,.8369,.8162,.8645,.8942,.8585,.8680114623265971,.8656,.8278,.8507,.8449,.8742,.8894111212227758,.8958,.8223,.8574000000000001,.8691,.8663999999999999,.8787998019527449,.8811,.7223000000000001,.8306,.8509,.834,.8640059542261843,.8693,.7473,.8045,.8289,.8297,.855682950329439,.8592,.7349,.8171,.8395,.832,.8601466283233924,.8642,.2697,.416,.3257,.3248,.3093845899506663,.2829,.2678,.4015,.3277,.3341,.309059915119596,.2802,.269,.4085,.3267,.3295,.3093951059819975,.2815,.6021,.5203,.6959,.6222,.6075509670556863,.5591,.6262,.5207000000000001,.6954,.6191,.6072012083847099,.5620000000000001,.6138,.5204,.6956,.6207,.6074897551706513,.5606,.6889,.6429,.7478,.7116,.7095870430311325,.6851,.6752,.6435999999999999,.7503,.7177,.7114885802689035,.6863,.6821,.6433,.749,.7147,.7105027042771601,.6857,.7372,.7143,.7553,.7566000000000001,.7649388958441278,.7623,.7308,.715,.7581,.7625,.7657909188056273,.7623,.7339,.7147,.7567,.7596000000000001,.7652755811913002,.7623,.4846,.6253,.6591,.5962,.605107062076401,.5924,.511,.6405999999999999,.6307,.5893,.602129361471066,.5905,.4957,.6333,.6443,.5929,.6034892479612707,.5914
1989,.2787,.495,.3293,.3663,.3733112593377771,.3818,.2558,.4486,.2683,.3615,.3491189440035833,.3677,.267,.4711,.2984,.3639,.3608604153196974,.3746,.3608,.5345,.3765,.4522,.447162858170738,.4694,.3472,.4898,.3323,.4403,.4233789816222372,.451,.3536,.5115,.3542,.4461,.4349035457487743,.46,.427,.5619,.4252,.4973,.5041372870618661,.5402,.416,.5234,.3847,.4839,.4810025789958616,.5212,.4216,.5419,.4045,.4905,.4920743102788268,.5304,.5067,.596,.4797,.5447,.5960159011550743,.612,.4912,.5506,.4394,.5222,.5670871873520964,.5859,.4988,.5724,.459,.5333,.5811525786473711,.5986,.6409,.6363,.5849,.6294,.6632640804037867,.6795,.6021,.6072,.552,.5703,.6280557797214398,.6471,.619,.6213,.5666,.5997,.6453285314505276,.6627999999999999,.2742,.4751,.3649,.3636,.3638243998839962,.3429,.2869,.4819,.3074,.403,.3834648089901381,.3931,.2807,.4785,.3358,.3834,.3740358502062228,.3687,.3452,.5294,.4148,.4323,.4214106079203171,.4102,.3771,.5292,.3771,.481,.4571573429610732,.476,.3616,.5293,.3958,.4569,.4396923861300158,.444,.3936,.5597,.4613,.4681,.4670380275020331,.4691,.4475,.5632,.4303,.5243,.5125699846535736,.5442,.4215,.5615,.4455,.4965,.4900689723794187,.5076000000000001,.4595,.6006,.5114,.5185,.5463619764220634,.5491,.5209,.5916,.4852,.5601,.594293092862376,.6095,.4911,.5959,.498,.5395,.5707181966680807,.5802,.6462,.6511,.6016,.6222,.6428800689039106,.6636,.6318,.6383,.5881999999999999,.6041,.6540189262187406,.6728,.6355,.6446,.5945,.613,.648835032096243,.6684,.6143999999999999,.7625,.8193,.7412,.7470807225222178,.6997,.6301,.7673,.6746,.7373,.71913865348117,.7123,.6222,.7649,.7461,.7392,.7328395500708923,.7062,.7258,.8171,.8709,.8074,.8083186552108456,.7746,.73,.8046,.7652,.8121,.8006540474510014,.8037,.7282,.8106,.8177,.8097,.8044048156423415,.7895,.7695,.8466,.8855,.8347,.8394059844064053,.8208,.7886,.8399,.8076,.8519,.8460747163707154,.858,.7795,.8431,.8458,.8434,.8426577633260461,.8399,.8110000000000001,.8707,.9006999999999999,.8657,.8715599084517111,.8685,.8363,.8524,.8502,.8753,.8891991051549863,.895,.8242,.8611,.8748,.8706,.8805335949395552,.8821,.8227,.8341,.8592,.8554,.8678462381183103,.8706,.7639,.8043,.8414,.8253,.8540774396626314,.8563,.7865,.8188,.8497,.8401,.8612313086645046,.8633,.2537,.3877,.3243,.3243,.2949117580772221,.2585,.2544,.3962,.3314,.3282,.299099585733272,.2623,.2546,.3924,.3279,.3263,.2972640211233658,.2605,.6087,.5168,.7013,.621,.6085495123516881,.5579,.6118,.5247000000000001,.7012,.6217,.6091647341060854,.5600000000000001,.6102,.5209,.7012,.6214,.6088679605852491,.5590000000000001,.6889999999999999,.6472,.7493,.7134,.7096756182073206,.6826,.6754,.6433,.7537,.7171,.7109846378611471,.6831,.6814,.6452,.7514999999999999,.7153,.7102618701432181,.6829,.7302,.7163,.7581,.7591,.7626159048986845,.7587,.7306,.7168,.7579,.7575,.7622229066578474,.7589,.7305,.7165,.758,.7583,.7622864159174887,.7588,.5723,.6346000000000001,.6451,.6054,.6008318203674143,.5858,.5672,.6352,.6392,.5934,.5971164765363283,.5838,.5721000000000001,.6349,.6414,.5996,.5988238991407305,.5847
1990,.2831,.4872,.3318,.3601,.3706074806891887,.377,.2613,.4348,.2725,.3463,.3419838665230162,.357,.2722,.4601,.3014,.3531,.35572926655859,.3667,.3597,.5364,.3774,.4548,.4470271152696196,.468,.3451,.493,.3336,.4412,.4243057717014652,.4519,.3522,.5138,.3554,.4479,.435293238128776,.4598,.4349,.5635,.4271,.4959,.5028823662956221,.5391,.4153,.5187,.3857,.4896,.4820857991090615,.5226,.4247,.5402,.4061,.4927,.4920064393801787,.5306,.5086000000000001,.596,.4806,.5435,.5943027473112554,.6115,.4981,.555,.4423,.5238,.5683603523600076,.5885,.5034,.575,.461,.5335,.5810588398642608,.5997,.6727,.6424,.5852000000000001,.6102,.6644181885227138,.6849,.6126,.6428,.5508,.5937,.6357167826743784,.6546999999999999,.6385,.6424,.5677,.6021,.6500324102575293,.6694,.2805,.473,.3648,.3546,.3598165109164739,.3366,.2876,.4699,.3103,.3862,.3761085217112833,.3833,.2841,.4713,.3369,.3706,.3683601022053318,.3607,.3446,.5317,.4142,.4316,.4205129023180557,.4083,.3758,.5331,.3766,.4808,.4568238241591956,.4757,.3604,.5324,.3953,.4567,.4390071276919447,.4427,.3957,.5624,.4618,.4697,.4665388165418788,.4679,.4439,.5590000000000001,.4303,.5286,.5128878195212251,.545,.4205,.5606,.4458,.4997,.4901536298400693,.5077,.4642,.6026,.5104,.5172,.5460396352252177,.5497,.5313,.5952,.4855,.5611,.5950652815699543,.6117,.4994,.5988,.4977,.5394,.5709260060999821,.5815,.6321,.6574,.6037,.6041,.6460355536125705,.672,.6367,.6768999999999999,.5833,.6297,.6623715417876738,.6814,.631,.6671,.5933,.6169,.6545339231066604,.6768,.6651,.772,.8305,.7321,.7499730825274004,.6997,.6085,.7568,.6853,.7307,.7170924283621004,.7072000000000001,.6365,.7641,.7561,.7314000000000001,.732890691470286,.7036,.7406,.823,.8784999999999999,.8108,.8144201055260468,.7796,.7302999999999999,.8088,.7719,.8121,.8029943232709421,.8054,.7352,.8156,.825,.8115,.808549109551339,.7927999999999999,.7741,.8532999999999999,.8927,.8401,.8448337413290433,.8245,.79,.8376,.8144,.8549,.8492582866191738,.8607,.7823,.8451,.853,.8477,.8468951116840718,.8431,.8061,.8733,.9026,.8661,.8758472636211991,.8737,.8336,.8576,.8509,.8776,.8909708503468106,.8972,.8203,.8652,.8762,.8719,.8835326299309911,.8858,.7486,.839,.8433,.8408,.8677067172456857,.8741,.6935,.8252,.8575,.8454,.8598338719746313,.8595,.7184,.8319,.8506,.8431,.8639673698123116,.8666,.2016,.3845,.2643,.3021,.2539597961014342,.2074,.1928,.3805,.265,.3045,.256637942600608,.2137,.1975,.3824,.2646,.3033,.2557876395392441,.2106,.5945,.5174,.6976,.6205000000000001,.6094090171303942,.5562,.5955,.5187,.6997,.6175,.6080181570219437,.5558999999999999,.5952,.5182,.6986,.6189,.6087682073622278,.556,.6822,.6462,.7538,.7232,.7137430529670803,.6811,.7006,.6419,.7587,.7252999999999999,.7150844383857817,.6816,.6916,.6439,.7563,.7243000000000001,.7144006684912602,.6813,.7325,.7175,.7572,.7649,.7627579731657985,.7585,.7393999999999999,.7264,.761,.763,.763683983691423,.7589,.7362,.7221,.7592,.764,.7631131704370072,.7587,.4998,.6418,.6298,.6001,.6006139489450831,.5858,.5262,.6356000000000001,.6435,.6012999999999999,.6018129271140025,.5861,.517,.6385,.6369,.6007,.6012137681418962,.5859
1991,.2808,.4901,.3266,.365,.3703362494059025,.3754,.2447,.4576,.2747,.3579,.3440215019521043,.3548,.2624,.4727,.3003,.3614,.3566427534372474,.3647,.3569,.539,.3749,.454,.4453610915031772,.466,.3509,.4891,.3338,.4428,.4247942611857111,.4526,.3539,.5128,.3541,.4483,.4346869711807549,.4592,.4351,.5606,.4247,.4968,.5010929204217859,.5374,.4293,.5238,.3819,.4905,.4822859299457123,.5242,.432,.5416,.403,.4936,.4912836491461372,.5306999999999999,.5099,.5953000000000001,.4744,.5423,.592084749600766,.6106,.5004999999999999,.5590000000000001,.4398,.5292,.5699950294895131,.5908,.505,.5765,.4567,.5357,.580782686746866,.6005,.668,.653,.5591,.637,.6650998637971408,.6861,.6219,.6409,.5245,.5968,.6381666245001881,.6605,.6413,.6468,.5407,.6172,.6516454602114297,.6731,.2755,.4748,.3617,.3597,.3602267958853868,.3349,.2736,.4914,.3125,.3981,.3779649072696747,.3801,.2745,.4834,.3367,.3791,.3694417910680136,.3583,.343,.5351,.411,.4326,.4194890562916187,.4065,.3816,.5265,.3766,.4815,.4570539541425613,.4764,.3631,.5306,.3937,.4575,.4385223834276769,.4422,.4017,.5580000000000001,.4585,.4691,.4650523868964889,.4673,.4586,.5649,.4263,.5293,.5127824174711063,.5462,.4307,.5615,.4422,.4998,.4891832151605179,.5077,.4661,.6002999999999999,.5043,.5165,.5444644936678095,.5492,.5254,.5986,.4838,.5652,.5954783930008904,.6125,.4965,.5994,.4938,.5412,.5703673547843783,.5816,.6274,.665,.5788,.6338,.6475658933843014,.675,.6383,.6735,.5602,.6315,.6643647010882318,.6868,.6291,.6693,.569,.6327,.6566060169809209,.681,.65,.7826,.8398,.7481,.7574629140588742,.7012,.5999,.7688,.7015,.7443,.7252931071030512,.7108,.6244,.7749,.7696,.7462,.7407947465398839,.7060999999999999,.7358,.8336,.8838,.8185,.8212126515103463,.7861,.7419,.8057,.7776,.8125,.8054979446420022,.8076,.7391,.8189,.8302,.8155,.8131350100711513,.7971,.7949000000000001,.8552999999999999,.896,.8465,.8503468572576673,.8307,.8022,.8451,.8144,.8552,.8502598831638939,.8613,.7989000000000001,.8501,.8546,.8509,.850128660072533,.8464,.8272,.8737,.9022,.8701,.8787387839695608,.877,.8395,.8611,.8497,.8808,.8921905762410175,.8981,.8334,.8671,.8753,.8756,.8854780097808135,.8878,.795,.836,.8493000000000001,.8559,.8714992666152018,.8768,.7595,.8110000000000001,.8139,.8446,.8584014125700993,.8629,.7803,.8233,.8304,.8502999999999999,.8652240855043931,.8698,.2146,.3862,.2569,.2701,.2452936481364667,.2048,.2029,.357,.2623,.273,.2484333903861492,.2116,.2089,.3708,.2596,.2716,.2472621067484012,.2083,.6049,.508,.7044,.6127,.6086140212041407,.5533,.6018,.5158,.7050999999999999,.6131,.6086835789634299,.5542,.6031,.5119,.7047,.6129,.6087098581324983,.5538,.6798,.6448,.7601,.7237,.7146699829478319,.6783,.6936,.6411,.762,.7274,.7160291857596144,.6794,.6866,.6429,.7611,.7256,.7153431136519787,.6788999999999999,.7219,.7173,.7661,.7663,.7625175683557137,.757,.7485000000000001,.7175,.7673,.7655,.7625790632895424,.7573,.7355,.7174,.7667,.7659,.7624295961187884,.7572,.5717,.6345,.6409,.5923,.5992170421778222,.5834,.5606,.6438,.6431,.6038,.6002053595380844,.5832000000000001,.5624,.6392,.6419,.598,.599628407576556,.5833
1992,.2764,.4835,.3292,.3664,.3717748887450597,.3773,.2633,.4666,.2714,.36,.345164372295914,.3566,.2699,.4747,.2996,.3631,.3579064911916039,.3666,.3625,.5359,.3734,.4525,.4448778416808573,.4667,.3527,.4974,.3295,.4418,.4249593546096146,.4549,.3574,.516,.3511,.4471,.4345315109564349,.4606,.433,.5599,.4191,.4964,.4994408280415384,.5375,.4224,.5298,.3772,.4898,.481584298385076,.5255,.4279,.5443,.3977,.493,.4900930496172301,.5313,.518,.6046,.4721,.5422,.5918484503554172,.6112,.5072,.5584,.434,.5294,.5711216492619764,.5934,.5125999999999999,.5809,.4529,.5357,.5812548240621587,.602,.6876,.6404,.5657,.6323,.6615177467498393,.6825,.5721000000000001,.6293,.5348000000000001,.5991,.6380741700043141,.6604,.6368,.6349,.5493,.6153999999999999,.6498168151360784,.6712,.2763,.4669,.3631,.361,.3600017190878856,.3344,.2961,.4992,.3133,.3998,.3799227221728357,.3818,.2862,.4839,.3376,.3807,.3704374541095025,.3589,.3454,.5346,.4094,.4305,.4182133008222745,.4065,.3818,.5351,.3764,.4805,.4572131646195697,.4767,.364,.535,.3926,.4559,.4380791009907233,.4425,.3979,.5634,.4546,.4682,.4627693149191779,.4659,.4527,.5682,.4242,.5276,.5115545874962667,.5456,.4255,.5659,.4391,.4984,.4875394640147837,.5069,.4711,.6102,.503,.5149,.544379610915515,.5499000000000001,.5315,.5974,.4806,.5633,.5954061419072977,.6136,.5031,.6036,.4917,.5395,.570345930576144,.5827,.6774,.6518,.5878,.6299,.6451989218618611,.6727,.5966,.6541,.5718,.6296,.663247159627827,.6863,.6418,.653,.5793,.6297,.6546378955214572,.6796,.6657999999999999,.772,.8403,.7624,.7635207176022845,.7101,.6363,.7817,.7045,.7428,.7276329368053779,.7125,.6509,.7772,.7708,.7524,.7449888853168,.7113,.7479,.8367,.8854,.8223,.8243439734831659,.7907,.7383,.8137,.7831,.8139999999999999,.8085684482857017,.8099,.7427,.8248,.8334,.8179999999999999,.8161230947950913,.8005,.7882,.8607,.8971,.8482,.8528038334017511,.8348,.7948,.8463000000000001,.821,.8578,.8538022607764836,.8643999999999999,.7919,.8532999999999999,.8583,.8531,.8531033180533084,.85,.822,.8796,.9072,.8738,.8824115728035786,.8809,.8418,.8614000000000001,.8558,.8806,.8941341328632478,.9006999999999999,.833,.8703,.8813,.8773,.8883839119089134,.8911,.7941,.8259,.8601,.8603,.8741488573831442,.88,.6825,.8012,.8314,.8389,.8605858012350556,.866,.7452,.8135,.845,.8493000000000001,.8676167031345675,.8729,.1976,.3345,.2481,.255,.2366722172470721,.2027,.2011,.3457,.2502,.2665,.2395763939747029,.2001,.1988,.3403,.2491,.2609,.2381612754802743,.2013,.5901999999999999,.5155,.7054,.6112,.6081963242050578,.5522,.5843,.5163,.7047,.6141,.6074893378692869,.5505,.5869,.516,.7050999999999999,.6127,.6077912613316121,.5513,.6971000000000001,.6461,.7586000000000001,.7294,.715091859975138,.6764,.6892,.6449,.7609,.732,.7163905238772081,.6775,.6934,.6455,.7598,.7307,.715586427249418,.6768999999999999,.7261,.7151,.7611,.7685999999999999,.760602823389244,.7554,.7235,.7215,.7697000000000001,.7692,.7615665619191797,.756,.7251,.7185,.7654,.7689,.7609606199280025,.7557,.4777,.6468,.6541,.6136,.6012819026415175,.5819,.5314,.6552,.655,.6014,.6009060147797523,.5824,.5007,.651,.655,.6072,.6010671711966421,.5822000000000001
